Comentario,type,date,gid,ciudad,calle1,calle2,modo,fuente,link,responsabl,gravedad,victimasex,victimaeda,fuente2,nombre,seguimient,hora,placa,vehiculo,fuente1,calle,calle3,condicion,placas,liga,municipio,bicicleta,nota,otro,victima
Muere persona atropellada  en Prolongación División del Norte cerca de Guadalupe I Ramírez. - Transita Seguro,Incidente vial,2018-01-03,"4805",,División del Norte,Guadalupe I Ramírez,peaton,https://twitter.com/JerrxG13/status/948256145835044864,,,mortal,,,,,,10:14,,,,,,,,,,,,,
"Servicios de emergencia se dirigen a Circunvalación y San Pablo, col. Centro, por reporte de persona atropellada.-Transita Seguro",Incidente vial,2018-01-02,"4806",,Cicunvalación,San Pablo,peaton,https://twitter.com/MrElDiablo8/status/948320429852282882,,,,,,,,Servicios de emergencia asisten al sitio,14:49,,,,,,,,,,,,,
"Persona atropellada en Tlalpan y Fray Pedro de Gante, de sur a norte.- Transita Seguro",Incidente vial,2018-01-02,"4807",,Calzada Tlalpan,Fray Pedro de Gante,peaton,https://twitter.com/peaton_anonimo/status/948374523488980992,,,,,,,,,18:04,,,,,,,,,,,,,
"Hombre de la 3ra edad Gravemente LESIONADO tras ser ATROPELLADO en km24 de carretera Mex-Cuernavaca; fue TRASLADADO en “Cóndor” a Hospital Xoco. - Transita Seguro",Incidente vial,2018-01-02,"4808",,Carretera México - Cuernavaca km 24,Sin datos,peaton,https://twitter.com/JerrxG13/status/948262427824738304,,,Grave,,65 o más,,,Trasladado a hospital,10:39,,,,,,,,,,,,,
"Persona atropellada en Av. Centenario, entre Loma Nueva y Mejía Delgado - Transita Seguro",Incidente vial,2018-01-11,"4840",,Avenida Centenario,Mejía Delgado,peatón,https://twitter.com/ApoyoVial/status/951460796780834816,,,,,,,,,6:28,,,,,,,,,,,,,
Persona atropellada en Poniente 150 y Maravillas - Transita Seguro,Incidente vial,2018-01-11,"4841",,Poniente 150,Maravillas,peatón,https://twitter.com/ApoyoVial/status/951510018318315522,,,,,,,,,9:44,,,,,,,,,,,,,
Movilización de servicios de emergencia en la Av. Insurgentes y Calz. Ticomán por un menor atropellado - Transita Seguro,Incidente vial,2018-01-11,"4842",,Avenida Insurgentes,Calzada Ticomán,peatón,https://twitter.com/RedVialRC/status/951563925589581826,,,,,"10",,,,,,,,,,,,,,,,,
Mujer ATROPELLADA en Bolivar y Viaducto es atendida por ambulancia - Transita Seguro,Incidente vial,2018-01-11,"4843",,Simón Bolivar,Viaducto Miguel Aleman,peatón,https://twitter.com/JerrxG13/status/951568095457566720,,,,mujer,,https://twitter.com/RedVialRC/status/951564516965408768,,,13:20,,,,,,,,,,,,,
Servicios de emergencia atienden persona atropellada en la Av. San Fernando y calle 11 Mártires - Transita Seguro,Incidente vial,2018-01-11,"4844",,San Fernando,calle 11 Mártires,peatón,https://twitter.com/RedVialRC/status/951595660394074113,,,,,,,,,15:24,,,,,,,,,,,,,
"Hay un atropellado y descuartizado en periférico sur a la altura del tianguis de carros, altura de la esca del ipn - Transita Seguro",Incidente vial,2018-01-11,"4845",,Periférico Sur,Kioto,peatón,https://twitter.com/DiegoAlonso221/status/951701235492704258,,,mortal,,,https://twitter.com/RayoKiiKiin/status/951703256455110656,,,22:23,,,,,,,,,,,,,
Persona atropellada en Dakota y Philadelphia - Transita Seguro,Incidente vial,2018-01-12,"4846",,Dakota,Philadelphia,peatón,https://twitter.com/jazluve2/status/951952423320465408,,,,,,,,,15:01,,,,,,,,,,,,,
"MUERE Luis Edgar Verde Zaragoza, 30 años, en Av Cuauhtémoc y División del Norte, ciclista choca con motociclista en una BMW, pero al caer auto Nisan Tida le pasa encima y se fuga - Transita Seguro",Incidente vial,2018-01-12,"4847",,Avenida Cuauhtémoc,Avenida Universidad,ciclista,https://twitter.com/xtrevi/status/952663206710972416,http://www.milenio.com/df/ciclista-atropellado-muerte-luis-edgar-homenaje-seguridad-cuauhtemoc-division-norte_0_1106289743.html,moto y Auto,mortal,hombre,"30",https://twitter.com/JerrxG13/status/952068368365948931,,,22:42,,moto BMW y auto Nisan Tida,,,,,,,,,,,
"Hola, acabo de ver una persona atropellada en av. prolongación división del norte y calle contorno majuelos en Xochimilco via gustavrp - Transita Seguro",Incidente vial,2018-01-13,"4848",,Avenida prolongación división del norte,contorno majuelos,peatón,https://twitter.com/bicivan/status/952322778404933638,,,,,,,,,15:33,,,,,,,,,,,,,
"Ambulancia para Enrique Rebsamen y Luz Saviñon, persona atropellada (tocar el num 1152) - Transita Seguro",Incidente vial,2018-01-13,"4849",,Enrique Rebsamen,Luz Saviñon,peatón,https://twitter.com/karipachsanz/status/952245440761778176,,,,,,,,,10:26,,,,,,,,,,,,,
"19:46 hrs, atropellado (Z3) Cuitláhuac y Poniente 44, Clavería CDMX",Incidente vial,2018-01-16,"5410",,Cuitláhuac,Poniente 44,Peaton,https://twitter.com/peaton_anonimo/status/953466618604150784,,,,,,,,,19:18,,,,,,,,,,,,,
Persona atropellada en Persona atropellada en San Isidro Alto Lerma e Ingomar. Precaución. Ceda el Paso.e Ingomar. Precaución. Ceda el Paso.,Incidente vial,2018-01-03,"5323",,Persona atropellada en San Isidro Alto Lerma e Ingomar. Precaución. Ceda el Paso.,Ingomar,Peaton,https://twitter.com/ApoyoVial/status/948669567773134849,,,,,,,,,,,,,,,,,,,,,,
Movilización de servicios de emergencia por atropellado en Patriotismo al cruce con el Eje 6 Sur.,Incidente vial,2018-01-03,"5324",,Patriotismo,Eje 6 Sur,Peaton,https://twitter.com/RedVialRC/status/948673011414110209,,,,,,,,Movilización de servicios de emergencia,,,,,,,,,,,,,,
"ATROPELLA y MATA a una persona CAFRE de CDMX_Semovi ; los INTOCABLES, a los que LES PERDONAN las FOTO-MULTAS..*Av San Bernabé y Cruz Verde",Incidente vial,2018-01-03,"5325",,Av San Bernabé,Cruz Verde,Peaton,https://twitter.com/JerrxG13/status/948731351359983616,,autobús,mortal,,,https://twitter.com/TIGRE985/status/948730277798531073,,Unidades de apoyo en lugar,17:42,,,,,,,,,,,,,
"San jerónimo en la del. Magdalena Contreras , este maldito cafre atropella a esta persona y fallece en el lugar!! Otra mas de estos pinches hambriados del transporte publico.",Incidente vial,2018-01-03,"5329",,San Jerónimo,Magdalena Contreras,Peaton,https://twitter.com/vulcano_7/status/948754068742254593,,autobús,mortal,,,,,,19:12,,,,,,,,,,,,,
"Personal de Cruz Roja atienden a persona atropellada en Av. Central y Saturno, Col. Nueva industrial Vallejo Norte.",Incidente vial,2018-01-04,"5331",,Av. Central,Saturno,Peaton,https://twitter.com/ApoyoVial/status/948939535374839809,,,,,,,,Cruz Roja,,,,,,,,,,,,,,
"Movilización de servicios de emergencia por persona atropellada en Eje 10 Sur y Av. Revolución, en la Col. San Ángel. ¡Cede el paso!",Incidente vial,2018-01-04,"5332",,Eje 10 Sur,Av. Revolución,Peaton,https://twitter.com/RedVialRC/status/948961696818835456,,,,,,,,,8:57,,,,,,,,,,,,,
Precaución persona atropellada en Alfredo V. Bolfil y Jesús Lecuona Miguel hidalgo 3 seccion Tlalpan,Incidente vial,2018-01-04,"5333",,Alfredo V. Bolfil,Jesús Lecuona,Peaton,https://twitter.com/jgcisneros08/status/948980172627349504,,,,,,,,,10:11,,,,,,,,,,,,,
Potro atropellado esta mañana en Fray Servando Teresa de Mier esquina Congreso de La Union CDMX.,Incidente vial,2018-01-04,"5334",,Fray Servando Teresa de Mier,Congreso de La Unión,Peaton,https://twitter.com/LeinLozada/status/949037150074429440,,,,,,,,,13:57,,,,,,,,,,,,,
(1/2) Movilización de servicios de emergencia por dos personas atropelladas en Circuito Interior pasando Ejercito Nacional con dirección a Tacubaya.,Incidente vial,2018-01-04,"5335",,Circuito Interior,Ejercito Nacional,Peaton,https://twitter.com/RedVialRC/status/949094344765657088,,,,,,,,,17:44,,,,,,,,,,,,,
Movilización de servicios de emergencia por dos personas atropelladas en Circuito Interior pasando Ejercito Nacional con dirección a Tacubaya.,Incidente vial,2018-01-04,"5336",,Circuito Interior,Ejercito Nacional,Peaton,https://twitter.com/RedVialRC/status/949094344765657088,,,,,,,,,17:44,,,,,,,,,,,,,
"Persona atropellada en Darwin y Circuito Interior en Colonia Anzures, presencia policíaca.",Incidente vial,2018-01-04,"5337",,Darwin,Circuito Interior,Peaton,https://twitter.com/TIGRE985/status/949101922044338176,,,,,,,,Presencia Policíaca,18:15,,,,,,,,,,,,,
(2/2) Movilización de servicios de emergencia por dos personas #atropelladas en Circuito Interior pasando Ejercito Nacional con dirección a Tacubaya.,Incidente vial,2018-01-04,"5345",,Circuito Interior,Ejercito Nacional,Peaton,https://twitter.com/RedVialRC/status/949094344765657088,,,,,,,,,17:44,,,,,,,,,,,,,
A las 19:10 Av Insurgentes y Calle Quetzalcóatl Col Santa Isabel Tola (GAM) Z3 (atropellado) Ya se envían los apoyos de emergencia.,Incidente vial,2018-01-07,"5360",,Av. Insurgentes Norte,Quetzalcóatl,Peaton,https://twitter.com/bicivan/status/950181997518970881,,,,hombre,,,,,17:10,,,,,,,,,,,,,
"Muere menor de 11 años, que vendía dulces, atropellado en el puente vehicular Río Misisipi y Circuito Interior. El responsable escapó. SSP en el punto. Muere atropellado niño de 10 años vendedor de dulces al intentar cruzar thiers y circuito interi",Incidente vial,2018-01-04,"5347",,Río Misisipi,Circuito Interior,Peaton,https://twitter.com/MrElDiablo8/status/949106375392505856,http://www.mvsnoticias.com/#!/noticias/muere-nino-vendedor-de-dulces-al-ser-atropellado-en-la-miguel-hidalgo-cdmx-377,particular,mortal,hombre,,https://twitter.com/JAVIERR_RUIZ/status/949140081821958144,,ambulancia de la Cruz Roja Mexicana y otra de Protección Civil,18:32,,camioneta Jeep y Mercedes Benz,,,,,,,,,,,
"Una persona perdió la vida después de ser atropellada en carriles centrales de Viaducto Miguel Alemán a la altura de la avenida Cuauhtémoc y en dirección al Aeropuerto CDMX
¡Avanza a vuelta de rueda!",Incidente vial,2018-01-05,"5354",,Viaducto Miguel Alemán,Avenida Cuauhtémoc,Peaton,https://twitter.com/RedVialRC/status/949266223212236800,,,mortal,hombre,,https://twitter.com/dragon02red/status/949270227954565120,,,5:07,,,,,,,,,,,,,
Persona atropellada en la calzada del Hueso al cruce con el Eje 3 Oriente en su tramo Cafetales. ¡Cede el paso a la Cruz Roja.,Incidente vial,2018-01-05,"5355",,Calzada del Hueso,Eje 3 Oriente Av. Cafetales,Peaton,https://twitter.com/RedVialRC/status/949334363828756480,,,,,,,,,9:38,,,,,,,,,,,,,
Automovilista atropella a mujer que iba en bicicleta sobre carril confinado del metrobus en Paseo de la Reforma y Río Danubio.,Incidente vial,2018-01-05,"5356",,Paseo de la Reforma,Río Danubio,ciclista,https://twitter.com/OMAR_PATINO/status/949341886262710272,,,,,,https://twitter.com/ApoyoVial/status/949344194555973632,,,10:08,,,,,,,,,,,,,
"MUERE ATROPELLADO
Acaban de atropellar a un hombre de aproximadamente 30 años a la altura de  Ermita y Calle 39, desafortunadamente falleció de manera instantánea.",Incidente vial,2018-01-06,"5357",,Ermita Iztapalapa,Calle 39,Peaton,https://twitter.com/OpEsMx/status/949629931960651776,,,mortal,hombre,"30",,,,5:13,,,,,,,,,,,,,
"Servicios de emergencia se dirigen al cruce de Av. Guelatao y el Eje 6 Sur por persona atropellada, ¡cede el paso a SSP_CDMX y CruzRoja_MX!
",Incidente vial,2018-01-06,"5358",,Av. Guelatao,Eje 6 Sur Av. Luis Méndez,Peaton,https://twitter.com/RedVialRC/status/949799838690037760,,,,,,,,,16:28,,,,,,,,,,,,,
"Persona ATROPELLADA en Zaragoza frente al MetroCDMX Acatitla, PRECAUCIÓN!!!",Incidente vial,2018-01-06,"5359",,Calzada Ignacio Zaragoza,Metro Acatitla,Peaton,https://twitter.com/JerrxG13/status/949850826943664128,,Combie,,,,,,,19:50,,,,,,,,,,,,,
Persona atropellada sobre Congreso de la Unión en su cruce con Ángel Albino Corzo. ¡Cede el paso! CruzRoja_MX,Incidente vial,2018-01-09,"5364",,Congreso de la Unión,Ángel Albino Corzo,Peaton,https://twitter.com/RedVialRC/status/950725114538151936,,,,,,,,,5:45,,,,,,,,,,,,,
"Precaución hay una persona atropellada sobre León de los Aldama y Dolores Hidalgo, col. San Felipe de Jesús, GAM, servicios de emergencia se dirigen al punto.",Incidente vial,2018-01-09,"5369",,Av. León de los Aldama,Av. Dolores Hidalgo,Peaton,https://twitter.com/MrElDiablo8/status/950817673574678528,,,,,,,,,11:52,,,,,,,,,,,,,
Reportan persona atropellada en la calzada Acoxpa al cruce con Av. La Garita en la zona de Coapa. Servicios de emergencia ya se dirigen al lugar.,Incidente vial,2018-01-09,"5370",,Calzada Acoxpa,Av. La Garita,Peaton,https://twitter.com/RedVialRC/status/950898695393996801,,,,,,https://twitter.com/ApoyoVial/status/950900473028063232,,,17:14,,,,,,,,,,,,,
Movilización de servicios de emergencia por persona atropellada en Paseo de la Reforma a la altura de Gandhi.,Incidente vial,2018-01-09,"5371",,Paseo de la Reforma,Gandhi,Peatón,https://twitter.com/RedVialRC/status/950909578685841408,,,,,,,,,17:58,,,,,,,,,,,,,
"Ayer a las 21:55, Juan Alvarez y García Mata, atropellado, Cardonal 38, Valle Gómez, Entre iridio y vanadio.",Incidente vial,2018-01-09,"5372",,Iridio,Vanadio,Peatón,https://twitter.com/peaton_anonimo/status/951030901215023104,,,,,,,,,2:00,,,,,,,,,,,,,
"Movilización de servicios de emergencia por #atropellado en Jarciería al cruce con Panaderos, Col. Morelos.",Incidente vial,2018-01-10,"5373",,Panaderos,,Peatón,https://twitter.com/RedVialRC/status/951236691825741824,,,,,,,,,15:37,,,,,,,,,,,,,
"Reportan persona #atropellada en Eje 6 Sur  al cruce con Av. 8, ¡Cede el paso a unidades de emergencia!",Incidente vial,2018-01-09,"5374",,Eje 6 Sur,Av. 8,Peatón,https://twitter.com/RedVialRC/status/950910268921524224,,,,,,,,,18:00,,,,,,,,,,,,,
"Atropellado en Pacifico y América, cerrada la circulación de Oceanía a Ma Quevedo",Incidente vial,2018-01-14,"5393",,Pacifico,América,peaton,https://twitter.com/Assynia/status/952723256687067136,,,,,,,,,18:04,,,,,,,,,,,,,
Taxista arrolla a peatón y huye en Eje 1 Norte,Incidente vial,2018-01-13,"5380",,Eje 1 Norte,González Ortega,Peatón,https://twitter.com/MrElDiablo8/status/952297985777590278,http://www.milenio.com/estados/taxista-arrolla-peaton-huye-eje-1-norte,taxi,grave,hombre,"65",,,Traslado al hospital Balbuena,13:55,,,,,,,,,,,,,
(1/5) Enfurece Topilejo. Conductor atropella con su camioneta a 4 personas. Vecinos arremeten contra automovilista. Calle Cruz Blanca altura km 28 Mex Cuernavaca. Patrullas que acuden a la emergencia son atacadas con palos y piedras.,Incidente vial,2018-01-13,"5381",,Cruz Blanca,México - Cuernavaca,peaton,https://twitter.com/isidrocorro/status/952374075166408704,,particular,,,,,,,18:57,,,,,,ebriedad,,,,,,,
"(2/5) Conductor ATROPELLA a 5 personas en Av Cruz Blanca y testigos intentan LINCHARLO; suben patrullas y helicóptero de SSP_CDMX a San Miguel Topilejo, Tlalpan...",Incidente vial,2018-01-13,"5382",,Cruz Blanca,México - Cuernavaca,peaton,https://twitter.com/JerrxG13/status/952366383827910657,,particular,,,,,,,18:26,,camioneta,,,,ebriedad,,,,,,,
"Atropella a menor y los pobladores comienzan a golpear al conductor. 
Km 25 de la Federal a Cuernavaca piden apoyo...  Tlalpan",Incidente vial,2018-01-14,"5391",,México Cuernavaca,en el km 25,peaton,https://twitter.com/OpEsMx/status/952692797634695169,,,,hombre,"10",,,,16:03,,,,,,,,,,,,,
"Reportan persona atropellada en Prol. División del Norte al cruce con la Av. 20 de Noviembre, colonia San Marcos. 
¡Cede el paso a SSP CDMX y CruzRoja MX !",Incidente vial,2018-01-16,"5401",,Prol. División del Norte,Av. 20 de Noviembre,Peaton,https://twitter.com/RedVialRC/status/953290638019219457,,,,,,https://twitter.com/ApoyoVial/status/953297785809448960,,,7:39,,,,,,,,,,,,,
"(1/2) Amigos por favor cuídense, crucen las calles por lugares permitidos, en este momento servicios de emergencia se dirigen a Manuel Cañas y Villa franqueza,  Colonia Desarrollo Urbano Quetzalcóatl, Iztapalapa, por reporte de dos personas atropellad",Incidente vial,2018-01-16,"5402",,Manuel Cañas,Villa franqueza,Peaton,https://twitter.com/MrElDiablo8/status/953328111021711360,,,,,,,,,10:08,,,,,,,,,,,,,
"(2/2) Amigos por favor cuídense, crucen las calles por lugares permitidos, en este momento servicios de emergencia se dirigen a Manuel Cañas y Villa franqueza,  Colonia Desarrollo Urbano Quetzalcóatl, Iztapalapa, por reporte de dos personas atropellad",Incidente vial,2018-01-16,"5403",,Manuel Cañas,Villa franqueza,Peaton,https://twitter.com/MrElDiablo8/status/953328111021711360,,,,,,,,,10:08,,,,,,,,,,,,,
"atropellado (Z3) Reporte a las 14:24 sobre Eje Central y Eje 2 Norte, Col. U. H. Nonoalco Tlatelolco.",Incidente vial,2018-01-16,"5405",,Eje Central,Eje 2 Norte,Peaton,https://twitter.com/peaton_anonimo/status/953387077877600258,,,,,,,,,14:02,,,,,,,,,,,,,
Persona atropellada en Canal Nacional y Av. Santa Ana. Precaución. Ceda el Paso.,Incidente vial,2018-01-16,"5407",,Canal Nacional,Av. Santa Ana,Peaton,https://twitter.com/ApoyoVial/status/953398337138581505,,,,,,,,,,,,,,,,,,,,,,
"Una persona es atropellada sobre Sierravista al cruce con la calle  Ríobamba en la colonia Lindavista GAM 
¡Cede el paso a los servicios de emergencia!",Incidente vial,2018-01-16,"5409",,Sierravista,Ríobamba,Peaton,https://twitter.com/RedVialRC/status/953465146013306881,,,,,,,,,19:12,,,,,,,,,,,,,
"Movilización de servicios de emergencia por atropellado en la calle Jardineros al cruce con Ferrocarril de Cintura, ¡Cede el paso a unidades de emergencia!",Incidente vial,2018-01-17,"5411",,Jardineros,Ferrocarril de Cintura,Peaton,https://twitter.com/RedVialRC/status/953635345144279040,,,,,,,,,6:29,,,,,,,,,,,,,
"Servicios de emergencia atienden a persona atropellada en Reforma y Eje 2 Norte; Cruz Roja rescata a la víctima debajo de la camioneta con vida.",Incidente vial,2018-01-17,"5413",,Reforma,Eje 2 Norte,Peaton,https://twitter.com/MrElDiablo8/status/953655751435722757,,,grave,,,https://twitter.com/ApoyoVial/status/953676344772255744,,Atendido ambulancia cruz roja #30,7:50,,,,,,,,,,,,,
Persona atropellada en  Calzada Ermita Iztapalapa y Reforma Aeronáutica. Maneje con precaución. Ceda el Paso.,Incidente vial,2018-01-17,"5415",,Calzada Ermita Iztapalapa,Reforma Aeronáutica,peaton,https://twitter.com/ApoyoVial/status/953790098885283840,,,,,,,,,16:44,,,,,,,,,,,,,
Aviso Tráfico  en zona del WTC porque camión pasajeros atropelló a una persona en Filadelfia y Dakota.  Siempre es un problema con estos camiones que se pasan los altos y echan carteristas todo el tiempo.,Incidente vial,2018-01-18,"5416",,Filadelfia,Dakota,peaton,https://twitter.com/PilarPineda_/status/954012800019501056,,autobús,,,,https://twitter.com/RedVialRC/status/954013761446334464,,,7:29,,,,,,,,,,,,,
"Un hombre murió al ser atropellado en Periférico Oriente, El Vergel iztapalapa CDMX.",Incidente vial,2018-01-19,"5418",,Periférico Oriente,Periférico Oriente colonia el Vergel,peaton,https://twitter.com/dragon02red/status/954276741081718785,,,mortal,hombre,,,,,0:57,,,,,,,,,,,,,
"(1/2) Movilización de servicios de emergencia por personas atropelladas en el Eje 6 Sur a la altura de Vista Hermosa, Iztapalapa, ¡Cede el paso a unidades de emergencia!",Incidente vial,2018-01-20,"5419",,Eje 6 Sur,Vista Hermosa,peaton,https://twitter.com/RedVialRC/status/954736060168359937,,,,,,,,,7:23,,,,,,,,,,,,,
"(2/2) Movilización de servicios de emergencia por personas atropelladas en el Eje 6 Sur a la altura de Vista Hermosa, Iztapalapa, ¡Cede el paso a unidades de emergencia!",Incidente vial,2018-01-20,"5420",,Eje 6 Sur,Vista Hermosa,peaton,https://twitter.com/RedVialRC/status/954736060168359937,,,,,,,,,7:23,,,,,,,,,,,,,
"Servicios de emergencia atienden a una persona atropellada sobre la Calle Victoria, en el Barrio Chino. Precauciones",Incidente vial,2018-01-20,"5422",,Victoria,Dolores,peaton,https://twitter.com/MrElDiablo8/status/954770690283982855,,,,,,,,,9:40,,,,,,,,,,,,,
Persona muere tras ser #atropellada sobre el Eje 3 Oriente en su cruce con la Av. Agustín Yañez. ¡Servicios de emergencia laborando en la zona! Evita el punto.,Incidente vial,2018-01-20,"5423",,Eje 3 Oriente,Av. Agustín Yañez. Calle 6,peaton,https://twitter.com/RedVialRC/status/954773836234461185,,autobús,mortal,hombre,"45",https://twitter.com/QWERTY_DAMN/status/954768198368419840,,,9:30,,,,,,,,,,,,,
"Hombre en situación de calle muere atropellado en Periférico Oriente y Ermita. Iztapalapa CDMX Un hombre murió al ser atropellado en Periférico, colonia Constitución de 1917.",Incidente vial,2018-01-22,"5424",,Periférico Oriente,Ermita Iztapalapa,peaton,https://twitter.com/Foro_TV/status/955465076382642176,,,mortal,hombre,"45",https://twitter.com/OTEN22/status/955388938549710848,,,2:37,,,,,,,,,,,,,
"Amigos lamento informarles que fue atropellado un ciclista sobre Oceanía y Villa de Aragón. 
Les informo!",Incidente vial,2018-01-23,"5432",,Av. Oceanía,Francisco Morazán,ciclista,https://twitter.com/MrElDiablo8/status/955931754577014784,,,mortal,hombre,"25",https://twitter.com/RedVialRC/status/955952352334315520,,,"14.34",,,,,,,,,,,,,
(1/2) Movilización de servicios de emergencia por reporte de dos menores atropellados en la Av. San Isidro Alto Lerma y Av. Tamaulipas en la Col. Corpus Christi.,Incidente vial,2018-01-23,"5433",,Av. San Isidro Alto Lerma,Av. Tamaluipas,peaton,https://twitter.com/RedVialRC/status/956005038333325318,,,,,"10",,,,19:25,,,,,,,,,,,,,
(2/2) Movilización de servicios de emergencia por reporte de dos menores atropellados en la Av. San Isidro Alto Lerma y Av. Tamaulipas en la Col. Corpus Christi.,Incidente vial,2018-01-23,"5434",,Av. San Isidro Alto Lerma,Av. Tamaulipas,peaton,https://twitter.com/RedVialRC/status/956005038333325318,,,,,"10",,,,19:25,,,,,,,,,,,,,
Conductor atropella a peatón y huye del lugar lamentablemente la persona de sexo masculino pierde la Vida junto al cuerpo quedo una lámina de matrícula... Coyoacán  Miguel Ángel de Quevedo è Ignacio Zaragoza.,Incidente vial,2018-01-24,"5435",,Miguel Ángel de Quevedo,Ignacio Zaragoza.,peaton,https://twitter.com/alejandrotv40/status/956048057174503424,,particular,mortal,hombre,,,,Responsable huyó,22:16,921-ZHY,,,,,,,,,,,,
"Mujer es atropellada por camión de trasporte público Ruta 57, paramédicos de ERUM realizaron el rescate del bajo del camión y es trasladada al hospital en Revolución y cóndor Col. Los Alpes, CDMX.",Incidente vial,2018-01-24,"5436",,Av. Revolución,Cóndor,peaton,https://twitter.com/ElPolloCDMX/status/956197126794596353,,autobús,grave,mujer,"40",https://twitter.com/JerrxG13/status/956284505748328448,,Traslado a hospital,8:08,,,,,,,,,,,,,
Persona atropellada No ha llegado ambulancia Estación martin carrera.,Incidente vial,2018-01-24,"5438",,Metro martín carrera,Martín carrera,peatón,https://twitter.com/fannygch/status/956260742939979777,,,,,,,,,,,,,,,,,,,,,,
"La conductora de este vehículo X90ADD me embistió y dañó mi bicicleta al  huir de la ciclovía en glorieta de Cibeles.Dijo tener palancas en @SSP_CDMX @C5_CDMX Ayúdenme a encontrarla para que pague los daños.
",Incidente vial,2018-01-24,"5439",,Gloriera de Cibeles,Gloriera de Cibeles,ciclista,https://twitter.com/olafdickinson/status/956307006410952704,,,leve,,,,,,15:25,,,,,,,,,,,,,
Servicios de emergencia trasladan a un hospital a persona atropellada en Lorenzo Boturini y Romero de Valle.,Incidente vial,2018-01-25,"5442",,Lorenzo Boturini,Romero del Valle,peaton,https://twitter.com/MrElDiablo8/status/956548385569419265,,,,,,,,,7:24,,,,,,,,,,,,,
"Revisen las directivas de las rutas aceptan a cualquiera al volante, persona atropellada por este animal y su cacharpo esto en camino a Santa Teresa el día de hoy ramal san Nicolás cazulco - San Ángel ruta 41",Incidente vial,2018-01-25,"5446",,Camino de Santa Teresa,Periférico,peaton,https://twitter.com/hektormtzg/status/956725543772225536,,autobús,,,,,,Atendido ambulancia,19:08,,,,,,,,,,,,,
"Una persona fue  atropellada sobre la calzada de la Viga al cruce con Lorenzo Boturini en la colonia Esperanza 
¡Cede el paso a los servicios de emergencia!",Incidente vial,2018-01-26,"5452",,Calzada de la Viga,Lorenzo Boturini,peaton,https://twitter.com/ApoyoVial/status/957024912257855488,,,,,,,,,14:25,,,,,,,,,,,,,
"(1/2) Favor de auxiliar a ciclistas que sufrieron percance en Circuito Interior, antes de llegar a Oceanía. Conductor de vehículo sedán impacta por detrás a usuarios de bicicleta.",Incidente vial,2018-01-26,"5453",,Circuito interior,Oceanía,ciclista,https://twitter.com/BicisRobadasMX/status/957101018155712512,,particular,leve,,,,,,20:00,,,,,,,,,,,,,
"(2/2) Favor de auxiliar a ciclistas que sufrieron percance en Circuito Interior, antes de llegar a Oceanía. Conductor de vehículo sedán impacta por detrás a usuarios de bicicleta.
",Incidente vial,2018-01-26,"5454",,Circuito Interior,Oceanía,ciclista,https://twitter.com/BicisRobadasMX/status/957101018155712512,,particular,leve,,,,,,20:00,,,,,,,,,,,,,
(1/3) Sobre la Av. Eduardo Molina con la calle Oriente 157 en la GAM reportan que hay tres policías atropellados en un punto de revisión de alcoholímetro.,Incidente vial,2018-01-27,"5455",,Av. Eduardo Molina,calle Oriente 157,peaton,https://twitter.com/tavojeda5/status/957170917959806976,,,,,,,,,0:38,,,,,,,,,,,,,
(2/3) Sobre la Av. Eduardo Molina con la calle Oriente 157 en la GAM reportan que hay tres policías atropellados en un punto de revisión de alcoholímetro.,Incidente vial,2018-01-27,"5456",,Av. Eduardo Molina,calle Oriente 157,peaton,https://twitter.com/tavojeda5/status/957170917959806976,,,,,,,,,0:38,,,,,,,,,,,,,
(3/3) Sobre la Av. Eduardo Molina con la calle Oriente 157 en la GAM reportan que hay tres policías atropellados en un punto de revisión de alcoholímetro.,Incidente vial,2018-01-27,"5457",,Av. Eduardo Molina,calle Oriente 157,peaton,https://twitter.com/tavojeda5/status/957170917959806976,,,,,,,,,0:38,,,,,,,,,,,,,
"Reportan persona atropellada en la Av. Hidalgo al cruce con Valerio Trujano, en el Centro Histórico. ¡Cede el paso a CruzRoja_MX !",Incidente vial,2018-01-27,"5459",,Av. Hidalgo,,peaton,https://twitter.com/RedVialRC/status/957414102804156416,,,,,,,,,16:44,,,,Valerio Trujano,,,,,,,,,
"Periférico y Canal  de Chalco, hay una persona atropellada, en espera de ambulancia.",Incidente vial,2018-01-27,"5463",,Periférico,Canal de Chalco,peaton,https://twitter.com/OpEsMx/status/957476340994838528,,,,,,,,,20:52,,,,,,,,,,,,,
"En la esquina de av Instituto Politécnico Nacional y Ticomán en GAM, automovilistas reportan un #ciclista atropellado. Precaución.",Incidente vial,2018-01-29,"5464",,Av. Instituto Politécnico Nacional,Ticomán,ciclista,https://twitter.com/isidrocorro/status/957954129585872897,,,,,,,,,4:30,,,,,,,,,,,,,
"Reportan persona atropellada en el Eje 1 Norte Mosqueta al cruce con la calle Lerdo, poco antes de Paseo de la Reforma.",Incidente vial,2018-01-29,"5465",,Eje 1 Norte Mosqueta,Lerdo,peaton,https://twitter.com/RedVialRC/status/958061898666213376,,,,,,https://twitter.com/ApoyoVial/status/958062927692554240,,,11:38,,,,,,,,,,,,,
"Reportan persona atropellada en la avenida México al cruce con Guerrero, colonia Tizapán. ¡Cede el paso a la CruzRoja_MX !",Incidente vial,2018-01-30,"5467",,Avenida México,Guerrero,peaton,https://twitter.com/RedVialRC/status/958357682372665344,,,,,,https://twitter.com/ApoyoVial/status/958366443959042049,,,7:14,,,,,,,,,,,,,
"Reportan persona atropellada sobre Vasco de Quiroga al cruce con Mario Pani, Santa Fe DF 
¡Cede el paso a unidades de emergencia! 
",Incidente vial,2018-01-30,"5468",,Vasco de Quiroga,Mario Pani,peaton,https://twitter.com/RedVialRC/status/958377948150628352,,,,,,,,,8:34,,,,,,,,,,,,,
"Patzcuaro y Laguna del Carmen colonia Anahuac, persona atropellada",Incidente vial,2018-01-31,"5469",,Lago Patzcuaro,Laguna del Carmen,peaton,https://twitter.com/alegv72/status/958695240910635008,,,,,,,,,5:35,,,,,,,,,,,,,
Persona atropellada en Calzada Ticomán y Escuadrón 201. Precaución. Ceda el Paso.,Incidente vial,2018-01-31,"5472",,Calzada Ticomán,Escuadrón 201,peaton,https://twitter.com/ApoyoVial/status/958797442438266887,,,,,,,,,12:21,,,,,,,,,,,,,
Persona atropellada en Vasco de Quiroga y Juan Salvador Agraz. Maneje con precaución. Ceda el Paso.,Incidente vial,2018-01-31,"5473",,Vasco de Quiroga,Juan Salvador Agraz,peaton,https://twitter.com/ApoyoVial/status/958855866073133056,,,,,,https://twitter.com/peaton_anonimo/status/958916662375452672,,,16:13,,,,,,,,,,,,,
"Peatón atropellado en Mariano Escobedo y Lago Alberto, atiende CruzRoja_MX y aparentemente no hay auto responsable.",Incidente vial,2018-01-31,"5477",,Mariano Escobedo,Lago Alberto,peaton,https://twitter.com/paogomm/status/958879163972276224,,,,,,,,Atendido ambulancia,17:46,,,,,,,,,,,,,
"A las 7:34 pm, Fray Servando y Eliodoro, atropellado, procede unidad de ERUM.",Incidente vial,2018-01-31,"5480",,Fray Servando Teresa de Mier,Rafael Heliodoro Valle,peaton,https://twitter.com/peaton_anonimo/status/958917517652774912,,,,,,,,,7:34,,,,,,,,,,,,,
"A las 9:14 pm, Lago de Moreno y Dolores Hidalgo, col. San Felipe de Jesús tenemos atropellado.",Incidente vial,2018-01-31,"5482",,Lagos de Moreno,Av. Dolores Hidalgo,peaton,https://twitter.com/peaton_anonimo/status/958917685529718785,,,,,,,,,9:14,,,,,,,,,,,,,
"Ahora: Eje 5 norte y Calzada Vallejo, Col. Industrial Vallejo, atropellado, perímetro La Raza.",Incidente vial,2018-01-31,"5483",,Eje 5 Norte,Calzada Vallejo,peaton,https://twitter.com/peaton_anonimo/status/958922721232064512,,,,,,,,,20:39,,,,,,,,,,,,,
Servicios de emergencia se dirigen a la Calz. Ignacio Zaragoza a la altura de la Av. Jesús G. Y Villa por persona #atropellada. ¡Evita el punto!,Incidente vial,2018-02-01,"5486",,Calz. Ignacio Zaragoza,Av. Jesús G. Y Villa,peaton,https://twitter.com/RedVialRC/status/959209602045960192,,,,,,,,,15:39,,,,,,,,,,,,,
"7:48 pm, 1era calle de San Juan y Canal de San Juan, indican atropellado.",Incidente vial,2018-02-01,"5487",,Cda. Canal de San Juan,Av. Canal de San Juan,peaton,https://twitter.com/peaton_anonimo/status/959288453715251200,,,,,,,,,20:52,,,,,,,,,,,,,
"Av. de las Torres y Flor de Loto, AOB. atropellado.",Incidente vial,2018-02-01,"5488",,Av. de las Torres,Flor de Loto,peaton,https://twitter.com/peaton_anonimo/status/959290129633329152,,,,,,,,,20:59,,,,,,,,,,,,,
Persona atropellada en Av Unión y Balancan Col. Héroes de Padierna.Tengan cuidado.,Incidente vial,2018-02-02,"5491",,Av. Unión,Balancan,peaton,http://twitter.com/PokzBo/status/959429725721575430,,,,,,,,,8:14,,,,,,,,,,,,,
Servicios de emergencia laborando por menor atropellado en Francisco Morazan y Estado de Baja California Norte.,Incidente vial,2018-02-02,"5492",,Francisco Morazán,Estado de Baja California Norte,peaton,https://twitter.com/ApoyoVial/status/959438768305405952,,,,,"10",https://twitter.com/MrElDiablo8/status/959430144195784705,,Atendido ambulancia y servicios de emergencia,6:50,,,,,,,,,,,,,
Reportan persona atropellada sobre Dr. Río de la Loza al cruce con el Eje 1 Poniente Cuauhtémoc.,Incidente vial,2018-02-02,"5494",,Dr. Río de la Loza,Eje 1 Poniente Cuauhtémoc.,peaton,https://twitter.com/RedVialRC/status/959453141468147712,,,,,,https://twitter.com/ApoyoVial/status/959454465341366272,,,7:47,,,,,,,,,,,,,
Servicios de emergencia continúan atendiendo a ciclista atropellado en la Av. Chapultepec al cruce con el Eje 1 Poniente Cuauhtémoc. ¡Toma en cuenta que hallarás ReduccióndeCarril !,Incidente vial,2018-02-02,"5495",,Av. Chapultepec,Eje 1 Poniente Cuauhtémoc.,ciclista,https://twitter.com/RedVialRC/status/959460558134300672,,,,,,,,Atendido ambulancia,8:16,,,,,,,,,,,,,
Movilización de servicios de emergencia por persona atropellada sobre el Circuito de la República a la altura de la calle Ignacio L. Vallarta. ¡Evita la zona!,Incidente vial,2018-02-02,"5496",,Circuito de la República,Ignacio L. Vallarta,peaton,https://twitter.com/RedVialRC/status/959459702269726721,,,,,,,,Atendido ambulancia,8:13,,,,,,,,,,,,,
Accidente en Alicia y Noé una persona atropellada.,Incidente vial,2018-02-02,"5497",,Alicia,Noé,peaton,https://twitter.com/32_Mario/status/959646711680417792,,,,,,,,,20:36,,,,,,,,,,,,,
"Amigos lamento informarles que una persona acaba de perder la vida al ser atropellada sobre los centrales de Tlalpan, dir. al sur, a la altura de la calle Cádiz. SSP se encuentra en el punto abanderando la zona para evitar cualquier otro incidente. QEPD",Incidente vial,2018-02-02,"5498",,Tlalpan,Cádiz,peaton,https://twitter.com/MrElDiablo8/status/959691779317616640,,particular,mortal,hombre,"50",https://twitter.com/alejandrotv40/status/959699003200897024,,Personal SSP,23:35,,,,,,,,,,,,,
"Urge médica para menor atropellado, en ferrocarriles Nacionales y Polo Norte.",Incidente vial,2018-02-03,"5499",,Ferrocarriles Nacionales,Polo Norte,peaton,https://twitter.com/ConsejoTlahuac/status/959955182321881089,,,,,"10",,,,17:02,,,,,,,,,,,,,
"Por la mañana, Muere hombre de la 3era edad atropellado por pipa de Pemex en Av. Año de Juárez y Floricultur Col. San Luis tlaxialtemalco, Xochimilco el semáforo fuera de servicio desdé Ayer. CDMX",Incidente vial,2018-02-04,"5503",,Av. Año de Juárez,Floricultur,peaton,https://twitter.com/ElPolloCDMX/status/960275180546293761,,particular PEMEX,mortal,hombre,"65",,,,14:13,,,,,,,,,,,,,
"Atropellado en Cuauhtémoc y Dr. Olvera, manden ambulancia.",Incidente vial,2018-02-04,"5505",,Cuauhtémoc,Dr. Olvera,peaton,https://twitter.com/R0RMX/status/960366284218224641,,,,,,,,,20:15,,,,,,,,,,,,,
"Amigos lamento informarles que una persona acaba de perder la vida al ser atropellada sobre Eje 6, Luis Méndez y Albarrada, en Iztapalapa. SSP en el punto. QEPD",Incidente vial,2018-02-05,"5507",,Eje 6 Sur Luis Méndez,Albarrada,peaton,https://twitter.com/MrElDiablo8/status/960708452074082304,,,mortal,,,,,SSP en el sitio,18:55,,,,,,,,,,,,,
Una persona fue atropellada sobre Canal del Norte al cruce con la calzada de los Misterios en la colonia Ex Hipódromo de Peralvillo. ¡Cede el paso a los servicios de emergencia!,Incidente vial,2018-02-13,"5556",,Canal del Norte,Calzada de los Misterios,peaton,,,,,,,,,,,,,,,,,,,,,,,
Justo en este momento persona atropellada en el cruce de Av. Churubusco y Josefa Ortiz de Dgz. frente a Plaza Coyoacán. Circulen con precaución.,Incidente vial,2018-02-06,"5512",,Av. Río Churubusco,Josefa Ortiz de Domínguez,peaton,https://twitter.com/BeFreeTweet/status/960866179211513856,,,,,,,,,5:22,,,,,,,,,,,,,
Precaución Persona atropellada en División del Norte y calzada de Tlalpan. Servicios de emergencia laboran en el lugar.,Incidente vial,2018-02-06,"5513",,División del Norte,Calzada de Tlalpan,peaton,https://twitter.com/ApoyoVial/status/960909552379203584,,,,,,,,,8:14,,,,,,,,,,,,,
Persona atropellada en Av. Instituto Politécnico Nacional y Matanzas. Maneje con precaución. Ceda el Paso.,Incidente vial,2018-02-06,"5516",,Av. Instituto Politécnico Nacional,Matanzas,peaton,https://twitter.com/ApoyoVial/status/960961884143931393,,,,,,,,,11:42,,,,,,,,,,,,,
Persona atropellada en Av. Instituto Politécnico Nacional y Matanzas. Maneje con precaución. Ceda el Paso.,Incidente vial,2018-02-06,"5517",,Av. Instituto Politécnico Nacional,Matanzas,peaton,https://twitter.com/ApoyoVial/status/960961884143931393,,,,,,,,,11:42,,,,,,,,,,,,,
Persona atropellada en Av. Instituto Politécnico Nacional y Matanzas. Maneje con precaución. Ceda el Paso.,Incidente vial,2018-02-06,"5518",,Av. Instituto Politécnico Nacional,Matanzas,peaton,https://twitter.com/ApoyoVial/status/960961884143931393,,,,,,,,,11:42,,,,,,,,,,,,,
Persona atropellada en Av. Instituto Politécnico Nacional y Matanzas. Maneje con precaución. Ceda el Paso.,Incidente vial,2018-02-06,"5521",,Av. Instituto Politécnico Nacional,Matanzas,peaton,https://twitter.com/ApoyoVial/status/960961884143931393,,,,,,,,,11:42,,,,,,,,,,,,,
Persona atropellada en Av. Instituto Politécnico Nacional y Matanzas. Maneje con precaución. Ceda el Paso.,Incidente vial,2018-02-06,"5522",,Av. Instituto Politécnico Nacional,Matanzas,peaton,https://twitter.com/ApoyoVial/status/960961884143931393,,,,,,,,,11:42,,,,,,,,,,,,,
"Servicios Periciales realizan el levantamiento del cuerpo de un ciclista, que fue embestido por la unidad 253 deL MetrobusCDMX y después fue atropellado por una camioneta particular sobre Insurgentes Sur. QEPD",Incidente vial,2018-02-06,"5524",,Insurgentes Sur,Perisur,ciclista,https://twitter.com/MrElDiablo8/status/961059847625216002,http://www.milenio.com/estados/ciclista-murio-atropellado-en-periferifo-e-insurgentes,metrobús y camioneta,mortal,hombre,"30",https://twitter.com/RedVialRC/status/961047213513297920,,,15:21,,,,,,,,,,,,,
Persona atropellada en Eje 5 Norte Montevideo y Av. 17 de Mayo. Maneje con precaución. Ceda el Paso.,Incidente vial,2018-02-06,"5525",,Eje 5 Norte Montevideo,Av. 17 de Mayo,peaton,https://twitter.com/ApoyoVial/status/961037767512870914,,,,,,,,,16:43,,,,,,,,,,,,,
"Servicios de emergencia se dirigen a Congreso de la Unión en su cruce con la avenida Canal del Norte por un menor atropellado. ¡Cede el paso! 
",Incidente vial,2018-02-07,"5527",,Congreso de la Unión,Av. Canal del Norte,peaton,https://twitter.com/RedVialRC/status/961290475348078592,,,,,"10",,,,9:28,,,,,,,,,,,,,
"Arriban servicios periciales a Paseo del Pedregal y San Jerónimo, DelegacionAO, donde una persona de la tercera edad perdió la vida al ser atropellada por una unidad de transporte público. QEPD",Incidente vial,2018-02-07,"5528",,Paseo del Pedregal,San Jerónimo,peaton,https://twitter.com/MrElDiablo8/status/961391001163231233,http://www.milenio.com/estados/mujer-edad-murio-atropellada-alvaro-obregon,autobús,mortal,mujer,"65",https://twitter.com/JerrxG13/status/961446033208283137,,Servicios periciales,16:07,"0870071",,,,,,,,,,,,
Encontrarás servicios de emergencia sobre José María Izazaga en su cruce con el Eje Central Lázaro Cárdenas por persona atropellada.,Incidente vial,2018-02-08,"5529",,José María Izazaga,Eje Central Lázaro Cárdenas,peaton,https://twitter.com/RedVialRC/status/961629580175044608,,,,,,https://twitter.com/MrElDiablo8/status/961625712821227521,,Atendido ambulancia,7:40,,,,,,,,,,,,,
Ciclista atropellado en cruce de Circunvalación y Av H. Congreso de la Unión. Unidades de emergencia al lugar. Maneje con precaución. Ceda el Paso.,Incidente vial,2018-02-08,"5530",,Av. Circunvalación,Av. H. Congreso de la Unión,ciclista,https://twitter.com/ApoyoVial/status/961649040718000128,,,,,,https://twitter.com/RedVialRC/status/961645452918738947,,Atendido ambulancia,9:12,,,,,,,,,,,,,
Persona atropellada al cruce de la calle Mar Arábigo y la Calz. México-Tacuba. ¡Cede el paso a @SSP_CDMX y CruzRoja_MX!,Incidente vial,2018-02-08,"5532",,Mar Arábigo,Calz. México-Tacuba,peaton,https://twitter.com/RedVialRC/status/961650256277639179,,,,,,https://twitter.com/ApoyoVial/status/961652090803191812,,,9:17,,,,,,,,,,,,,
"Amigos lamento informarles que una persona perdió la vida al ser atropellada por un transporte de carga en Canal Río Churubusco esq. Eje 5 sur, Col. Aculco. Del_Iztapalapa.
QEPD",Incidente vial,2018-02-08,"5533",,Canal Río Churubusco,Eje 5 sur,peaton,https://twitter.com/MrElDiablo8/status/961718700456992768,,particular,mortal,mujer,"35",https://twitter.com/JerrxG13/status/961724598399197184,,,13:49,,camón de carga,,,,,,,,,,,
"Cede el paso, ya que en Ignacio Allende y Eje 3 Norte en su tramo Camarones encontrarás  Unidades De Emergencia por persona atropellada. CruzRoja_MX.",Incidente vial,2018-02-09,"5534",,Ignacio Allende,Eje 3 Norte,peaton,https://twitter.com/RedVialRC/status/962000011964960769,,,,,,,,Atendido ambulancia,8:27,,,,,,,,,,,,,
Persona atropellada en Av. Canal de San Juan y Calzada Zaragoza. Unidades de emergencia al lugar. Precaución Ceda el Paso.,Incidente vial,2018-02-09,"5535",,Av. Canal de San Juan,Calzada Zaragoza,peaton,https://twitter.com/ApoyoVial/status/962023668875431936,,,,,,https://twitter.com/RedVialRC/status/962022061567705089,,Atendido ambulancia,10:01,,,,,,,,,,,,,
"Una persona fue atropellada sobre la calle Brasil al cruce con Venezuela en la colonia Centro 
¡Cede el paso a los vehículos de emergencia!
",Incidente vial,2018-02-09,"5536",,Brasil,Venezuela,peaton,https://twitter.com/RedVialRC/status/962090301233025024,,,,,,,,,14:26,,,,,,,,,,,,,
"Persona atropellada en eje 3 sur y congreso , metro jamaica.",Incidente vial,2018-02-09,"5537",,Eje 3 Sur,Jamaica,peaton,https://twitter.com/felipon22/status/961964993280266240,,,,,,,,,6:08,,,,,,,,,,,,,
Mujer atropellada en Marina Nacional a la altura de Pemex. Tránsito muy lento y caos en la zona.,Incidente vial,2018-02-09,"5538",,Av. Marina Nacional,A la altura de la Torre Pemex,peaton,https://twitter.com/AlmaIcela/status/962075497394987009,,,,,,,,,13:27,,,,,,,,,,,,,
"(1/2) Amigos hace unos minutos dos elementos de SSP_CDMX fueron atropellados sobre Calzada Ermita y San Lorenzo, col. San Miguel en Iztapalapa, en un punto del Alcoholímetro. Ya fueron atendidos y trasladados a un hospital. 
",Incidente vial,2018-02-09,"5541",,Calzada Ermita Iztapalapa,Av. San Lorenzo,peaton,https://twitter.com/MrElDiablo8/status/962255607817482241,,,,,,,,Traslado a hospital,1:23,,,,,,,,,,,,,
"(2/2) Amigos hace unos minutos dos elementos de SSP_CDMX fueron atropellados sobre Calzada Ermita y San Lorenzo, col. San Miguel en Iztapalapa, en un punto del Alcoholímetro. Ya fueron atendidos y trasladados a un hospital.
",Incidente vial,2018-02-10,"5543",,Calzada Ermita Iztapalapa,Av. San Lorenzo,peaton,https://twitter.com/MrElDiablo8/status/962255607817482241,,,,,,,,Traslado a hospital,1:23,,,,,,,,,,,,,
"Persona atropellada al cruce de República del Salvador y la calle Talavera, Col. Centro. ¡Cede el paso a SSP_CDMX y CruzRoja_MX!",Incidente vial,2018-02-10,"5544",,República del Salvador,Talavera,peaton,https://twitter.com/RedVialRC/status/962397575352668160,,,,,,,,,10:47,,,,,,,,,,,,,
"Paramédicos de la Cruz Roja labora con persona atropellada en Nuevo León al cruce con Vicente Suárez en la Colonia Condesa 
",Incidente vial,2018-02-11,"5545",,Av. Nuevo León,Vicente Suárez,peaton,https://twitter.com/RedVialRC/status/962746193355952128,,,,,,,,Atendido ambulancia,9:52,,,,,,,,,,,,,
"Por favor urge ambulancia en rojo gómez y zaragoza debajo del puente, persona atropellada!",Incidente vial,2018-02-12,"5548",,Rojo Gómez,Calzada Ignacio Zaragoza,peaton,https://twitter.com/lalo_guzman/status/963243602737471488,,,,,,,,,18:49,,,,,,,,,,,,,
¡Cede el paso! Servicios de emergencia se dirigen a la calle Xocongo y Manuel Gutiérrez Nájera para atender a una persona atropellada. CruzRoja_MX SSP_CDMX,Incidente vial,2018-02-13,"5550",,Xocongo,Manuel Gutiérrez Nájera,peaton,https://twitter.com/RedVialRC/status/963393646207930368,,,,,,,,,4:45,,,,,,,,,,,,,
¡Cede el paso a los servicios de emergencia! Se dirigen en apoyo a una persona atropellada en Av. del Taller y Calz. de la Viga. CruzRoja_MX  SSP_CDMX,Incidente vial,2018-02-13,"5551",,Av. del Taller,Calzada de la Viga,peaton,https://twitter.com/RedVialRC/status/963425186749079552,,,,,,,,,6:50,,,,,,,,,,,,,
Una persona fue atropellada sobre Canal del Norte al cruce con la calzada de los Misterios en la colonia Ex Hipódromo de Peralvillo. ¡Cede el paso a los servicios de emergencia!,Incidente vial,2018-02-13,"5557",,Canal del Norte,Calzada de los Misterios,peaton,https://twitter.com/RedVialRC/status/963463675276333056,,,,,,,,,9:23,,,,,,,,,,,,,
Servicios de emergencia atienden a una persona atropellada en Insurgentes Norte y Montevideo.,Incidente vial,2018-02-14,"5558",,Insurgentes Norte,Montevideo,peaton,https://twitter.com/MrElDiablo8/status/963858580456665090,,,,,,https://twitter.com/ApoyoVial/status/963861494650867712,,,11:32,,,,,,,,,,,,,
¡Cuidado! Persona atropellada en Calz. Vallejo y Av. 3 A.,Incidente vial,2018-02-15,"5559",,Calzada Vallejo,Av. 3A,peaton,https://twitter.com/trafico889/status/964136742046478337,,,,,,,,,5:58,,,,,,,,,,,,,
"Reporte de persona atropellada sobre el Eje 6 Sur y la calle Ixcateopan, muy cerca de la Av. Universidad. ¡Cede el paso a servicios de emergencia!",Incidente vial,2018-02-15,"5560",,Eje 6 Sur,Ixcateopan,peaton,https://twitter.com/RedVialRC/status/964147864338292738,,,,,,,,,6:42,,,,,,,,,,,,,
"Se registra una persona atropellada sobre calle Nueve y Patriotismo en la colonia San Pedro de los Pinos. 
¡Cede el paso a los vehículos de emergencia!",Incidente vial,2018-02-15,"5564",,Calle 9,Patriotismo,peaton,https://twitter.com/RedVialRC/status/964177951175729158,,,,,,,,,8:41,,,,,,,,,,,,,
Ciclista atropellado en Paseo de la Reforma altura de calle Acuario hacia Periférico. Precaución. Ceda el Paso.,Incidente vial,2018-02-15,"5565",,Paseo de la Reforma,Acuario,peaton,https://twitter.com/ApoyoVial/status/964183144814534657,,,,,,https://twitter.com/RedVialRC/status/964182165255749633,,,9:02,,,,,,,,,,,,,
Mujer atropellada en Eje 1  Norte y cruce de Anfora. Maneje con precaución. Ceda el Paso.,Incidente vial,2018-02-15,"5566",,Eje 1  Norte,Anfora,peaton,https://twitter.com/ApoyoVial/status/964184961061400576,,,,,,https://twitter.com/RedVialRC/status/964183433437118466,,,9:09,,,,,,,,,,,,,
"Esta mañana un Policía de Investigación de la Ciudad de México fue atropellado por conductor de una camioneta en cruce de Niños Héroes y Dr Velasco col Doctores,  Paramedicos de la Cruz Roja  Mexicana lo trasladaron  a un hospital.",Incidente vial,2018-02-15,"5569",,Niños Héroes,Dr. Velasco,peaton,https://twitter.com/ApoyoVial/status/964221837222862856,,particular,moderada,hombre,hombre,https://twitter.com/ricardovitela/status/964220696950984705,,Traslado a hospital,11:36,,,,,,,,,,,,,
Se registra una persona atropellada sobre Paseo de la Reforma al cruce con Eje Uno Norte Mosqueta y en dirección a Insurgentes. ¡Cede el paso a los vehículos de emergencia!,Incidente vial,2018-02-16,"5574",,Paseo de la Reforma,Eje 1 Norte,peaton,https://twitter.com/MonitorCdmx/status/964516164276662273,,,,,,,,,7:00,,,,,,,,,,,,,
Persona atropellada en Liras y Cairo. Unidades de emergencia laborando en el lugar. Maneje con precaución.,Incidente vial,2018-02-16,"5575",,Liras,Cairo,peaton,https://twitter.com/ApoyoVial/status/964548866560462852,,,,,,,,,9:15,,,,,,,,,,,,,
Una persona perdió la vida después de ser atropellado sobre Periférico a la altura de Circuito Estadio Azteca y en dirección a Insurgentes. ¡Cede el paso a los vehículos de emergencia!,Incidente vial,2018-02-17,"5576",,Periférico,Boulevard Gran Sur,peaton,https://twitter.com/RedVialRC/status/964840232314179585,,,mortal,,,https://twitter.com/MrElDiablo8/status/964846590195216384,,,4:33,,,,,,,,,,,,,
"Movilización de servicios de emergencia por persona atropellada en Marina Nacional al cruce con Bahía de Ascensión, Col. Verónica Anzures.",Incidente vial,2018-02-17,"5577",,Marina Nacional,Bahía de Ascensión,peaton,https://twitter.com/RedVialRC/status/965055259772059654,,,,,,,,,18:47,,,,,,,,,,,,,
Aparente atropellado por autobús trans. público en lateral de periférico sur hacia Xochimilco metros antes de salida Tepepan en frente de McDonalds. Urge ambulancia.,Incidente vial,2018-02-18,"5578",,Periférico,Av. 16 de septiembre,peaton,https://twitter.com/gabichabicha/status/965282693960347653,,,,,,https://twitter.com/C5_CDMX/status/965288407818752000,,Atendido ambulancia MX-026-G2,9:51,,,,,,,,,,,,,
"Policía ATROPELLADO en Calz Vallejo y Pte 134 (x la mañana)...
",Incidente vial,2018-02-18,"5580",,Calzada Vallejo,Pte 134,peaton,https://twitter.com/JerrxG13/status/965339431787008001,,,,,,,,,13:37,,,,,,,,,,,,,
"Reportan persona que pierde la vida al ser atropellada en la Aut. México Puebla a la altura del Eje 10 Sur con dirección a Chalco; ¡Cede el paso a unidades de emergencia!",Incidente vial,2018-02-20,"5581",,Aut. México Puebla,Eje 10 Sur,peaton,https://twitter.com/RedVialRC/status/965934517822386176,,,mortal,,,https://twitter.com/isidrocorro/status/965939428089876480,,,5:01,,,,,,,,,,,,,
Movilización de servicios de emergencia por mujer que pierde la vida atropellada dentro del paradero de IndiosVerdes.,Incidente vial,2018-02-20,"5582",,Indios verdes,Paradero,peaton,https://twitter.com/RedVialRC/status/965946338000162816,,autobús,mortal,mujer,"25",https://twitter.com/MrElDiablo8/status/965947688490602496,,,5:48,,,,,,,,,,,,,
"Movilización de Servicios De Emergencia al cruce de las calles Donceles e Ignacio Allende, Col. Centro por persona atropellada. ¡Cede el paso a @SSP_CDMX y CruzRoja_MX!",Incidente vial,2018-02-20,"5584",,Donceles,Ignacio Allende,peaton,https://twitter.com/RedVialRC/status/966008766217977856,,,,,,,,,9:56,,,,,,,,,,,,,
"Movilización de servicios de emergencia en Vallejo y Cuitláhuac, reportan una persona atropellada por Metrobus CDMX.",Incidente vial,2018-02-21,"5587",,Calzada Vallejo,Cuitláhuac,peaton,https://twitter.com/RedVialRC/status/966396125451206658,,,,,,,,,11:36,,,,,,,,,,,,,
"Persona atropellada en circuito interior al cruce con Mexico-Tacuba, a un lado del anterior cine cosmos.",Incidente vial,2018-02-21,"5590",,Circuito interior,Mexico-Tacuba,peaton,https://twitter.com/banuet_/status/966528544955396097,,,,,,,,,20:22,,,,,,,,,,,,,
Servicios de emergencia sobre Av. Revolución a la altura de la calle 3 por persona atropellada. ¡Cede el paso!,Incidente vial,2018-02-22,"5591",,Revolución,calle 3,peaton,https://twitter.com/RedVialRC/status/966760942884270080,,,,,,,,,11:45,,,,,,,,,,,,,
Persona atropellada sobre el Eje Cuatro Xola al cruce con calle Castilla en la colonia Álamos. ¡Cede el paso a los servicios de emergencia!,Incidente vial,2018-02-22,"5593",,Eje 4 Xola,Castilla,peaton,https://twitter.com/RedVialRC/status/966848963298111488,,,,,,,,,17:35,,,,,,,,,,,,,
"Servicios De Emergencia laboran sobre el Anillo Periférico a la altura de Av. León de los Aldama, Gustavo a Madero, por persona que muere atropellada. 
Informa desde el lugar JAVIERR_RUIZ
",Incidente vial,2018-02-23,"5605",,Anillo Periférico,Av. León de los Aldama,peaton,https://twitter.com/RedVialRC/status/967118827996766208,,,mortal,,,https://twitter.com/MrElDiablo8/status/967130776964759552,,,,,,,,,,,,,,,,
Movilización de servicios de emergencia por persona atropellada en la Av. Eugenia poco antes de Insurgentes.,Incidente vial,2018-02-23,"5606",,Eugenia,Insurgentes,peaton,https://twitter.com/ApoyoVial/status/968155581826547714,,,,,,https://twitter.com/RedVialRC/status/968153280860884992,,,,,,,,,,,,,,,,
Movilización de servicios de emergencia por atropellado en Congreso de la Unión al cruce con Hortelanos.,Incidente vial,2018-02-26,"5607",,Av. Congreso de la Unión,Hortelanos,peaton,https://twitter.com/RedVialRC/status/968161881272631299,,,,,,https://twitter.com/MrElDiablo8/status/968162174437941249,,,8:32,,,,,,,,,,,,,
Ambulancia se dirige atender a persona atropellada por trasporte público en Jesús Ramírez y División del norte.,Incidente vial,2018-02-26,"5608",,Jesús Ramírez (Pilares),División del norte,peaton,https://twitter.com/ElPolloCDMX/status/968229522192683008,,,,,,,,,13:01,,,,,,,,,,,,,
Movilización de servicios de emergencia por persona atropellada en la Av. Ricardo Flores Magón al cruce con Zaragoza en la Col. Tlatelolco.,Incidente vial,2018-02-27,"5609",,Av. Ricardo Flores Magón,Zaragoza,peaton,https://twitter.com/RedVialRC/status/968467853165948931,,,,,,,,,4:48,,,,,,,,,,,,,
Insurgentes Sur esq. San Fernando en Tlalpan indican una persona atropellada en carril de MetroBus.,Incidente vial,2018-02-27,"5610",,Insurgentes Sur,San Fernando,peaton,https://twitter.com/MonitorCdmx/status/968497752215867393,,,,,,,,,6:47,,,,,,,,,,,,,
"Movilización de servicios de emergencia por atropellado en Monterrey cerca de Baja California; Col. Roma ¡Cede el paso a servicios de emergencia!",Incidente vial,2018-02-27,"5612",,Monterrey,Baja California,peaton,https://twitter.com/RedVialRC/status/968513701472022528,,,,,,,,,7:50,,,,,,,,,,,,,
Persona atropellada a Manzanillo y Campeche. Precaución. Ceda el Paso.,Incidente vial,2018-02-27,"5613",,Campeche,Manzanillo,peaton,https://twitter.com/ApoyoVial/status/968538757531099136,,,,,,,,,9:30,,,,,,,,,,,,,
"Movilización de servicios de emergencia  por persona atropellada en Insurgentes pasando Periférico con dirección a CU; ¡Cede el paso a unidades de emergencia!",Incidente vial,2018-02-27,"5614",,Insurgentes Sur,Periférico,peaton,https://twitter.com/RedVialRC/status/968848531443404800,,,,,,,,,6:01,,,,,,,,,,,,,
Precaución! Persona atropellada en Paseo de la Reforma a la altura de la calle Sierra Madre en dirección a Paseo de las Palmas por lo que encontrarás reducción de carriles. ¡Cede el paso a los servicios de emergencia!,Incidente vial,2018-02-28,"5615",,Paseo de la Reforma,Sierra Madre,peaton,https://twitter.com/RedVialRC/status/968952862628896773,,,,,,,,,12:55,,,,,,,,,,,,,
Movilización de servicios de emergencia se dirigen a José María Izazaga al cruce con  Pino Suárez por persona atropellada.  ¡Cede el paso!,Incidente vial,2018-02-28,"5616",,José María Izazaga,Pino Suárez,peaton,https://twitter.com/RedVialRC/status/968933453361184768,,,,,,,,,11:38,,,,,,,,,,,,,
Movilización de servicios de emergencia se dirigen a Cucurpe al cruce con Fray Servando Teresa De Mier por un Atropellado. ¡Conduce con precaución!,Incidente vial,2018-03-01,"5617",,Cucurpe,Fray Servando Teresa de Mier,peaton,https://twitter.com/RedVialRC/status/969274831136022528,,,,,,,,,10:15,,,,,,,,,,,,,
(1/2) Movilización de servicios de emergencia por doble atropellado en el Eje 1 Norte pasando el Circuito Interior a Insurgentes.,Incidente vial,2018-03-01,"5618",,Eje 1 Norte,Nogal,peaton,https://twitter.com/RedVialRC/status/969297179222437889,,,,,,,,,11:43,,,,,,,,,,,,,
(2/2) Movilización de servicios de emergencia por doble atropellado en el Eje 1 Norte pasando el Circuito Interior a Insurgentes.,Incidente vial,2018-03-01,"5619",,Eje 1 Norte,Nopales,peaton,https://twitter.com/RedVialRC/status/969297179222437889,,,,,,,,,11:43,,,,,,,,,,,,,
"Mujer atropellada por ""patrulla"" ambiental en eje 6 Sur casi esquina calle Gabriela Mistral, a un costado del mercado vicentina, iztapalapa.",Incidente vial,2018-03-01,"5620",,Eje 6 Sur,Gabriela Mistral,peaton,https://twitter.com/byron_cap/status/969335733252247553,,,,,,,,,2:17,,,,,,,,,,,,,
"Se registra una mujer atropellada sobre la Av. Revolución al cruce con avenida Primero de Mayo en la colonia Escandón.
¡Cede el paso a los servicios de emergencia!",Incidente vial,2018-03-01,"5621",,Av. Revolución,Primero de Mayo,peaton,https://twitter.com/RedVialRC/status/969373074859745281,,,,mujer,,,,,16:45,,,,,,,,,,,,,
"Servicios de emergencia se dirigen a Circuito y Añil por reporte de persona atropellada, les informo!",Incidente vial,2018-03-02,"5622",,Circuito,Añil,peaton,https://twitter.com/MrElDiablo8/status/969565097785024512,,,,,,,,,5:28,,,,,,,,,,,,,
"Servicios De Emergencia se dirigen al cruce del Eje 1 Norte y la Av. Insurgentes, por persona atropellada. ¡Cede el paso a SSP_CDMX y CruzRoja_MX!
",Incidente vial,2018-03-02,"5624",,Eje 1 Norte,Av. Insurgentes,peaton,https://twitter.com/RedVialRC/status/969678543201492994,,,,,,,,,12:59,,,,,,,,,,,,,
"Amigos la persona muerta en la col. Obrera fue atropellada por una camioneta, según vecinos venía echando carreras con dos motociclistas; tras el accidente la mujer que la conducía escapó.",Incidente vial,2018-03-03,"5626",,Isabel la Católica,Roa Bárcenas,peaton,https://twitter.com/MrElDiablo8/status/970005799907966976,http://www.milenio.com/estados/hombre-muere-atropellado-en-la-colonia-obrera,,mortal,hombre,"58",https://twitter.com/JerrxG13/status/970019053187280896,,,10:39,,,,,,,,,,,,,
"Muere atropellada una persona sobre Norte 17 y Calle Oriente 164, col. Moctezuma. SSP en el punto.  
QEPD",Incidente vial,2018-03-03,"5627",,Norte 17,Oriente 164,peaton,https://twitter.com/MrElDiablo8/status/970134531360673797,,,mortal,,,,,,19:11,,,,,,,,,,,,,
Movilización de servicios de emergencia se reporta persona atropellada en la Calz. de los Misterios y la Av. Montevideo. ¡Cede el paso!,Incidente vial,2018-03-04,"5628",,Calzada de los Misterios,Av. Montevideo,peaton,https://twitter.com/RedVialRC/status/970297468486410240,,,,,,,,,5:58,,,,,,,,,,,,,
Movilización de servicios de emergencia se reporta persona atropellada en la Calz. de los Misterios y la Av. Montevideo. ¡Cede el paso!,Incidente vial,2018-03-04,"5629",,Calzada de los Misterios,Av. Montevideo,peaton,https://twitter.com/RedVialRC/status/970297468486410240,,,,,,,,,5:58,,,,,,,,,,,,,
"(1/2) Movilización de servicios de emergencia por personas atropelladas en Balderas al cruce con Artículo 123, Col. Centro. ¡Cede el paso!",Incidente vial,2018-03-04,"5630",,Balderas,Artículo 123,peaton,https://twitter.com/RedVialRC/status/970351836547964928,,,,,,,,,9:34,,,,,,,,,,,,,
"(2/2) Movilización de servicios de emergencia por personas atropelladas en Balderas al cruce con Artículo 123, Col. Centro. ¡Cede el paso!",Incidente vial,2018-03-04,"5631",,Balderas,Artículo 123,peaton,https://twitter.com/RedVialRC/status/970351836547964928,,,,,,,,,9:34,,,,,,,,,,,,,
Movilización de servicios de emergencia por persona atropellada en Paseo de la Reforma al cruce con Ricardo Flores Magón.,Incidente vial,2018-03-04,"5632",,Reforma,Ricardo Flores Magón,peaton,https://twitter.com/RedVialRC/status/970432615248515072,,,,,,,,,14:55,,,,,,,,,,,,,
(1/2) ¡Urge ambulancia en escuela naval y paseo chico en paseos de taxqueña 2 personas atropelladas !,Incidente vial,2018-03-03,"5633",,Av. Escuela Naval Militar,Paseo chico,peaton,https://twitter.com/karenzithaq/status/970098378427260928,,,,,,,,,16:47,,,,,,,,,,,,,
(2/2) ¡Urge ambulancia en escuela naval y paseo chico en paseos de taxqueña 2 personas atropelladas !,Incidente vial,2018-03-03,"5634",,Av. Escuela Naval Militar,Paseo chico,peaton,https://twitter.com/karenzithaq/status/970098378427260928,,,,,,,,,16:47,,,,,,,,,,,,,
"Una mujer de 75 años pierde la vida tras ser atropellada por un vehículo tipo Torton sobre la la Calzada Ermita y Avenida Primavera, en la colonia Santa María Aztahuacán, Iztapalapa.",Incidente vial,2018-03-05,"5635",,Calzada Ermita Iztapalapa,Av. Primavera,peaton,https://twitter.com/RedVialRC/status/970737902622781440,,Trailler Torton,mortal,mujer,"75",https://twitter.com/24_CDMXNoticias/status/970741906547363840,,,11:08,,,,,,,,,,,,,
"Servicios de emergencia se dirigen a Eje 10 Sur y calle Papalotl, col. Pedregal de Coyoacán por reporte de ciclista atropellado.",Incidente vial,2018-03-05,"5636",,Eje 10 Sur,Papalotl,ciclista,https://twitter.com/MrElDiablo8/status/970751964563890176,,,,,,https://twitter.com/JrnrvRivera/status/970749197111750656,,,11:53,,,,,,,,,,,,,
Movilización de servicios de emergencia por una persona Atropellada en la calle de Azafrán esquina con Circuito. ¡Conduce con precaución!,Incidente vial,2018-03-05,"5637",,Azafrán,Circuito,peaton,https://twitter.com/RedVialRC/status/970770927733665792,,,,,,,,,13:19,,,,,,,,,,,,,
Movilización de servicios de emergencia sobre Eje Vial 2 Norte al cruce con Tenochtitlan por una persona. Atropellada. ¡Conduce con cuidado!,Incidente vial,2018-03-05,"5638",,Eje Vial 2 Norte,Tenochtitlan,peaton,https://twitter.com/ApoyoVial/status/970839210482655232,,,,,,,,,17:34,,,,,,,,,,,,,
"Última Hora: Una joven mujer muere atropellada por un vehículo de transporte público en Av. Escuadrón 201, esquina Camino Real a Toluca, Col. Cristo Rey, delegación Álvaro Obregón.",Incidente vial,2018-03-06,"5639",,Av. Escuadrón 201,Camino Real a Toluca,peaton,https://twitter.com/Foro_TV/status/971033994551791622,,autobús,mortal,mujer,"25",https://twitter.com/MrElDiablo8/status/971043954815913985,,,6:45,,,,,,,,,,,,,
"Precaución Vial se reporta persona atropellada en Ribera de San Cosme al cruce con Naranjos, se espera a que arriben los servicios periciales. ¡Tómalo en cuenta! 
",Incidente vial,2018-03-06,"5640",,Ribera de San Cosme,Naranjo,peaton,https://twitter.com/RedVialRC/status/971113619063738369,,,mortal,,,,,,12:01,,,,,,,,,,,,,
Servicios de emergencia se dirigen a la calzada Ignacio Zaragoza a la altura de la estación del metro Guelatao hacia Viaducto Río de la Piedad por persona atropellada. ¡Cede el paso! SSP_CDMX CruzRoja_MX,Incidente vial,2018-03-06,"5641",,Calzada Ignacio Zaragoza,Metro Guelatao (Miguel Lira),peaton,https://twitter.com/RedVialRC/status/971127612822163456,,,,,,https://twitter.com/ApoyoVial/status/971128080252227584,,,12:57,,,,,,,,,,,,,
"Acoxpa y Miramontes, Coapa: reportan persona atropellada, servicios de emergencia en camino.",Incidente vial,2018-03-06,"5642",,Acoxpa,Miramontes,peaton,https://twitter.com/ApoyoVial/status/971128592221515776,,,,,,,,,13:01,,,,,,,,,,,,,
Atropellado por un trailer murió un jovencito que viajaba en su bicicleta por Periférico y la calle Estrella en Iztapalapa. El conductor de la pesada unidad no lo vió. QEPD. CDMX.,Incidente vial,2018-03-07,"5643",,Periférico,Estrella,ciclista,https://twitter.com/isidrocorro/status/971412458085732353,,,mortal,hombre,"15",https://twitter.com/GIGIBUCITOS/status/971399379205722112,,,7:15,,,,,,,,,,,,,
Persona atropellada en Calle 312 y Eduardo Molina. Precaución. Ceda el Paso.,Incidente vial,2018-03-07,"5646",,"312",Eduardo Molina,peaton,https://twitter.com/ApoyoVial/status/971515759959658497,,,,,,,,,14:39,,,,,,,,,,,,,
Servicios de emergencia laboran por persona atropellada en Cantera frente al Parque del Mestizaje en dirección a Insurgentes. ¡Cede el paso!,Incidente vial,2018-03-07,"5648",,Cantera,Acueducto de Guadalupe,peaton,https://twitter.com/RedVialRC/status/971554897459105794,,particular,grave,,,,,Atendido ambulancia,17:15,,,,,,,,,,,,,
Unidades de emergencia trabajan con persona atropellada en la Avenida Revolución y Dr. Gálvez en la Colonia San Ángel. PRECACUCIÓN.,Incidente vial,2018-03-08,"5649",,Av. Revolución,Dr. Gálvez,peaton,https://twitter.com/TIGRE985/status/971871421860163584,,,,,,,,Atendido ambulancia,14:12,,,,,,,,,,,,,
"Muere mujer atropellada en carriles centrales de Av. Aquiles Serdán y Rancho San Juan de Dios, Col. Prados del Rosario Azcapotzalco",Incidente vial,2018-03-09,"5650",,Av. Aquiles Serdán,Rancho San Juan de Dios,peaton,https://twitter.com/ElPolloCDMX/status/972143837895421958,http://www.milenio.com/estados/mujer-muere-atropellada-avenida-aquiles-serdan,particular,mortal,mujer,"35",https://twitter.com/ApoyoVial/status/972147373215399936,,Servicios periciales y ministerio público responsable,8:15,,,,,,,,,,,,,
Persona atropellada en cruce de calles Tacuba y Palma. Unidades de emergencia en el lugar. Precaución. Ceda el Paso.,Incidente vial,2018-03-09,"5651",,Tacuba,Palma,peaton,https://twitter.com/ApoyoVial/status/972158226241409024,,,,,,https://twitter.com/RedVialRC/status/972154348951261184,,Atendido ambulancia,8:57,,,,,,,,,,,,,
Servicios de emergencia se dirigen a Circuito Interior en su tramo Río Churubusco por persona atropellada sobre la puerta 1 del Palacio de los Deportes.,Incidente vial,2018-03-09,"5652",,Circuito Interior Río Churubusco,Puerta 1 del Palacio de los Deportes,peaton,https://twitter.com/RedVialRC/status/972210746963656705,,,,,,,,,12:41,,,,,,,,,,,,,
"Persona atropellada en el cruce de la Avenida Chapultepc y Medellín en la Colonia Roma, acuden unidades de apoyo.",Incidente vial,2018-03-08,"5653",,Av. Chapultepec,Medellín,peaton,https://twitter.com/TIGRE985/status/971912594700124160,,,,,,,,,16:56,,,,,,,,,,,,,
"La persona que atendieron en el metro Pino Suárez es un hombre, que presuntamente fue atropellado esta mañana y lo trasladaron a u. Hospital de donde se fugó. SSP y paramédicos se encargaron de él.",Incidente vial,2018-03-09,"5654",,José María Izazaga,Pino Suárez,peaton,https://twitter.com/MrElDiablo8/status/972273790163054592,,,,,,,,Traslado a hospital,15:58,,,,,,,,,,,,,
(1/2) Servicios médicos acuden al Parque Tlacoquemécatl sobre la calle Pilares en la Col. del Valle por 2 personas atropelladas. Si pasas por la zona ¡Conduce con cuidado!,Incidente vial,2018-03-09,"5655",,Pilares,Parque  Tlacoquemécatl,peaton,https://twitter.com/RedVialRC/status/972291104954601472,,,,,,,,,18:00,,,,,,,,,,,,,
(2/2) Servicios médicos acuden al Parque Tlacoquemécatl sobre la calle Pilares en la Col. del Valle por 2 personas atropelladas. Si pasas por la zona ¡Conduce con cuidado!,Incidente vial,2018-03-09,"5656",,Pilares,Parque Tlacoquemécatl,peaton,https://twitter.com/RedVialRC/status/972291104954601472,,,,,,,,,18:00,,,,,,,,,,,,,
Movilización de servicios de emergencia por persona atropellada que #fallece sobre Centenario y Martín Carrera. ¡Cede el paso!,Incidente vial,2018-03-10,"5657",,Centenario,Matín Carrera,peaton,https://twitter.com/RedVialRC/status/972521608928747520,,,mortal,,,,,,9:16,,,,,,,,,,,,,
Mujer de la 3ra edad Muere Atropellada por Transporte Publico en Martin Carrera y Av.Centenario gamadero Responsable huye.,Incidente vial,2018-03-10,"5659",,Av. Centenario,Martín Carrera,peaton,https://twitter.com/Huatoo/status/972650792170803211,,,mortal,mujer,"75",https://twitter.com/Foro_TV/status/972537592607576064,,,9:49,,,,,,,,,,,,,
"Accidente Vial se registra menor de edad Atropellado en Calle B y Puebla, cerca de la Calz. IgnacioZaragoza. ¡Cede el paso a los vehículos de #emergencia!",Incidente vial,2018-03-12,"5660",,Calle B,Ignacio Zaragoza,peaton,https://twitter.com/RedVialRC/status/973214702527549441,,,,hombre,"10",https://twitter.com/ApoyoVial/status/973215563680854016,,,8:10,,,,,,,,,,,,,
Al Momento se reporta persona atropellada en la Av. Horacio a la altura de la estación del metro Polanco. ¡Cede el paso a los vehículos de emergencia!,Incidente vial,2018-03-12,"5661",,Av. Horacio,Arquímedes Metro Polanco,peaton,https://twitter.com/RedVialRC/status/973228527108714496,,,,,,,,,9:05,,,,,,,,,,,,,
Ambulancia de Cruz Roja traslada a persona atropellada en Viaducto y Revolución al hospital Rubén Leñero.,Incidente vial,2018-03-12,"5662",,Viaducto,Revolución,peaton,https://twitter.com/MrElDiablo8/status/973317692601126913,,,,,,,,Traslado a hospital Rubén Leñero,14:59,,,,,,,,,,,,,
"En Hidalgo y Valerio Trujano servicios de emergencia atienden a una persona atropellada, precaución.",Incidente vial,2018-03-12,"5663",,Valerio Trujano,-Av. Hidalgo,peaton,https://twitter.com/MrElDiablo8/status/973340347395866624,,,,,,,,,16:29,,,,,,,,,,,,,
"Sobre calzada Ignacio Zaragoza frente a la plaza, un ciclista que circulaba por la zona, fue atropellado por un...",Incidente vial,2018-03-12,"5664",,Ignacio Zaragoza,José Trinidad Salgado (Plaza),ciclista,https://twitter.com/OpEsMx/status/973285424729817089,,,,,,,,,12:51,,,,,,,,,,,,,
Movilización de servicios de emergencia por una persona atropellada por Metrobus CDMX  sobre Insurgentes y Durango en la Col. Roma con dirección a Viaducto.,Incidente vial,2018-03-12,"5665",,Insurgentes,Durango,peaton,https://twitter.com/RedVialRC/status/973359760618741760,,metrobús,,,,,,Atendido ambulancia,17:47,,,,,,,,,,,,,
"¡Accidente! Persona atropellada en la Av. Insurgentes y el Eje 7 Sur Extremadura, cerca de la estación del metro Insurgentes Sur. ¡Cede el paso a los servicios de emergencia!",Incidente vial,2018-03-14,"5667",,Insurgentes,Eje 7 Sur Extremadura,peaton,https://twitter.com/RedVialRC/status/973993181497962506,,,,,,,,,11:44,,,,,,,,,,,,,
"Una persona fue atropellada sobre Av. Instituto Politécnico Nacional IPN al cruce con Santiago de Chile, en la colonia Residencial Zacatenco.
¡Cede el paso a los vehículos de emergencia!",Incidente vial,2018-03-15,"5668",,Av. Instituto Politécnico Nacional,Santiago de Chile,peaton,https://twitter.com/RedVialRC/status/974289254296768512,,,,,,,,,7:20,,,,,,,,,,,,,
Una persona fue atropellada por  el Metrobús sobre calzada de los Misterios a la altura de la Av. Necaxa.,Incidente vial,2018-03-15,"5669",,Calzada de los Misterios,Necaxa,peaton,https://twitter.com/RedVialRC/status/974318136785764353,,metrobús,,,,,,,9:15,,,,,,,,,,,,,
"Persona atropellada en la Av. Revolución, casi esquina con Condor col. Los Alpes. ¡Cede el paso a los servicios de emergencia!",Incidente vial,2018-03-15,"5670",,Av. Revolución,Casi esquina Condor,peaton,https://twitter.com/RedVialRC/status/974338517496139776,,,,,,https://twitter.com/ApoyoVial/status/974343619682471938,,,10:36,,,,,,,,,,,,,
Movilización de servicios de emergencia en Cafetales al cruce con Rancho Romeral Col. Hacienda de Coyoacán por persona atropellada. ¡Cede el paso!,Incidente vial,2018-03-15,"5671",,Cafetales,Rancho Romeral,peaton,https://twitter.com/RedVialRC/status/974350016797118465,,,,,,https://twitter.com/ApoyoVial/status/974350861307654144,,,11:22,,,,,,,,,,,,,
"¡Atención! Persona atropellada en Circuito Interior al cruce de Av. Thiers, ¡cede el paso a los #servicios de emergencia!",Incidente vial,2018-03-15,"5672",,Circuito interior,Av. Thiers,peaton,https://twitter.com/RedVialRC/status/974355397480976384,,,,,,,,,11:43,,,,,,,,,,,,,
"Amigos lamento informarles que la persona fallecida sobre Plutarco Elías Calles y Venustiano Carranza, en Iztacalco, perdió la vida al ser atropellado por la unidad 353 del MetrobusCDMX en una zona donde no hay paso peatonal.",Incidente vial,2018-03-15,"5673",,Plutarco Elías Calles,Venustiano Carranza,peaton,https://twitter.com/MrElDiablo8/status/974498968628580354,,metrobús,mortal,,,,,,21:13,,,,,,,,,,,,,
Servicios de emergencia atienden a una persona atropellada en el Eje 8 Sur Ermita Iztapalapa al cruce con Av. 5. ¡Cede el paso!,Incidente vial,2018-03-16,"5674",,Eje 8 Sur Ermita Iztapalapa,Av. 5,peaton,https://twitter.com/RedVialRC/status/974700922407448576,,,,,,,,Atendido ambulancia,10:36,,,,,,,,,,,,,
Servicios de emergencia se dirigen a Circuito Interior a la altura de Río Panuco por persona atropellada. ¡Cede el paso!,Incidente vial,2018-03-16,"5675",,Circuito Interior,Río Panuco,peaton,https://twitter.com/RedVialRC/status/974757643062562819,,,,,,,,,14:21,,,,,,,,,,,,,
Servicios de emergencia se dirigen a Fray Servando Teresa de Mier en su cruce con Jesús G. y Villa por persona atropellada.,Incidente vial,2018-03-16,"5676",,Fray Servando Teresa,Jesús G. y Villa,peaton,https://twitter.com/RedVialRC/status/974837183516499968,,,,,,,,,19:37,,,,,,,,,,,,,
"Desde hace una hr en el Eje 6 y Rojo Gómez iztapalapa no hay semaforos, están apagados. Por favor envíen apoyo vial hay choques y atropellado.",Incidente vial,2018-03-16,"5677",,Eje 6,Rojo Gómez,peaton,https://twitter.com/guiraani/status/974867200401027072,,,,,,,,,21:37,,,,,,,,,,,,,
(1/2) Dos personas fueron atropelladas sobre la Calz. de Guadalupe al cruce de la calle Juventino Rosas en la colonia Peralvillo.¡Cede el paso a los vehículos de emergencia!,Incidente vial,2018-03-17,"5678",,Calz. de Guadalupe,Juventino Rosas,peaton,https://twitter.com/RedVialRC/status/974991529520652289,,,,,,,,,5:51,,,,,,,,,,,,,
(2/2) Dos personas fueron atropelladas sobre la Calz. de Guadalupe al cruce de la calle Juventino Rosas en la colonia Peralvillo.¡Cede el paso a los vehículos de emergencia!,Incidente vial,2018-03-17,"5679",,Calz. de Guadalupe,Juventino Rosas,peaton,https://twitter.com/RedVialRC/status/974991529520652289,,,,,,,,,5:51,,,,,,,,,,,,,
"Ambulancia se dirige a Periférico y Av. Universidad, Col. U.H. Ejército Constitucionalista, en Del_Iztapalapa por persona atropellada.Precaución.",Incidente vial,2018-03-17,"5680",,Periférico,Av. Universidad,peaton,https://twitter.com/MrElDiablo8/status/975016161405538304,,,,,,,,,7:29,,,,,,,,,,,,,
Último minuto: Automovilistas reportan una persona atropellada por un microbús. Aún se encuentra debajo del transporte público con vida. Urge ambulancia. Acoxpa y Tlalpan.,Incidente vial,2018-03-17,"5682",,Acoxpa,Tlalpan,peaton,https://twitter.com/isidrocorro/status/975164530648109056,,,,,,,,,17:18,,,,,,,,,,,,,
Último minuto: Automovilistas reportan una persona atropellada por un microbús. Aún se encuentra debajo del transporte público con vida. Urge ambulancia. Acoxpa y Tlalpan.,Incidente vial,2018-03-17,"5683",,Acoxpa,Tlalpan,peaton,https://twitter.com/isidrocorro/status/975164530648109056,,Microbús,,,,,,,17:18,,,,,,,,,,,,,
Personal de CruzRoja_CDMX labora por persona atropellada en Av Revolución y Rey Cuauhtémoc San Ángel.,Incidente vial,2018-03-17,"5684",,Av. Revolución,Rey Cuauhtémoc,peaton,https://twitter.com/hearma/status/975223305383718912,,,,,,,,Atendido ambulancia,21:12,,,,,,,,,,,,,
Ciclista atropellado en Calz. Legaria y Lago Superior en este momento.,Incidente vial,2018-03-18,"5686",,Calzada Legaria,Lago Superior,ciclista,https://twitter.com/Cazador_Presa/status/975596538926739457,,,,,,,,,21:55,,,,,,,,,,,,,
Precaución Personal de CruzRoja_CDMX labora por persona atropellada en Av. Insurgentes frente al MetrobusCDMX Dr. Gálvez.,Incidente vial,2018-03-20,"5687",,Av. Insurgentes,Loreto,peaton,https://twitter.com/hearma/status/976193423412727814,,,,,,,,Atendido ambulancia,13:27,,,,,,,,,,,,,
"Persona atropellada sobre el Circuito Interior en su tramo Paseo de las Jacarandas a la altura de la calle Ceiba, en dirección a la Av. Insurgentes. ¡Cede el paso a los servicios de emergencia!",Incidente vial,2018-03-20,"5688",,Circuito Interior,Jacarandas,peaton,https://twitter.com/RedVialRC/status/976200275479486465,,,,,,,,,13:54,,,,,,,,,,,,,
"Persona atropellada en el cruce de Av. Insurgentes y Extremadura, acuden unidades de emergencia. PRECAUCIÓN.",Incidente vial,2018-03-20,"5689",,Av. Insurgentes,Extremadura,peaton,https://twitter.com/TIGRE985/status/976216553648619520,,,,,,,,Atendido ambulancia,14:58,,,,,,,,,,,,,
Muere atropellado un hombre sobre Anillo de Circunvalación y Alfarería. Col. Emilio Carranza en DelegacionVC,Incidente vial,2018-03-21,"5690",,Av. Circunvalación,Alfarería,peaton,https://twitter.com/MrElDiablo8/status/976430550180392961,,,mortal,hombre,"30",https://twitter.com/CoordinacionDM/status/976438345541840896,,,,,,,,,,,,,,,,
Precaución Persona atropellada en calzada Del Hueso frente a la UAM Xochimilco. Personal de emergencias laborando en el lugar.,Incidente vial,2018-03-21,"5691",,Calzada del Hueso,UAM Xochimilco,peaton,https://twitter.com/ApoyoVial/status/976471698802429953,,,,,,,,Atendido ambulancia,7:52,,,,,,,,,,,,,
"De Madrugada Un hombre murió al ser atropellado en carriles centrales de Calzada de Tlalpan, dirección Centro Histórico. Colonia Avante Coyoacán CDMX.",Incidente vial,2018-03-22,"5693",,Tlalpan,Calzada de la Virgen,peaton,https://twitter.com/dragon02red/status/976797948964196352,,,mortal,hombre,"40",https://twitter.com/MonitorCdmx/status/976813840645132288,,,5:29,,,,,,,,,,,,,
"Persona atropellada sobre Circuito Interior en su cruce con Río Misisipi, Col. Anzures. ¡Evita el punto!",Incidente vial,2018-03-22,"5695",,Circuito Interior,Río Misisipi,peaton,https://twitter.com/RedVialRC/status/976956771490324480,,,,,,,,,16:00,,,,,,,,,,,,,
"Persona atropellada sobre Playa Roqueta en su cruce con Playa Hornos, Col. Militar Marte. ¡Cede el paso!",Incidente vial,2018-03-22,"5696",,Playa Roqueta,Playa Hornos,peaton,https://twitter.com/RedVialRC/status/976967152682131457,,,,,,,,,16:41,,,,,,,,,,,,,
"¡Cede el paso a los vehículos de emergencia!
Una persona fue atropellada sobre Ferrocarril Hidalgo a la altura de cerrada de Almacenes en la colonia pueblo de Santiago Atzacoalco.",Incidente vial,2018-03-22,"5697",,Ferrocarril C. Hidalgo,Cerrada de Almacenes,peaton,https://twitter.com/RedVialRC/status/976972894617133056,,,,,,,,,17:04,,,,,,,,,,,,,
Persona atropellada en Lorenzo Boturini al cruce con Congreso de la Unión en dirección a Fray Servando Teresa de Mier. ¡Cede el paso a los vehículos de #emergencia!,Incidente vial,2018-03-22,"5698",,Lorenzo Boturini,Congreso de la Unión,peaton,https://twitter.com/RedVialRC/status/976997411473231872,,,,,,https://twitter.com/ApoyoVial/status/976998125444517888,,,18:41,,,,,,,,,,,,,
Ciclista atropellado en Calzada de Tlapan y Cádiz hacia el Sur. Maneje con precaución. Ceda el Paso.,Incidente vial,2018-03-22,"5699",,Calzada Tlalpan,Cádiz,ciclista,https://twitter.com/ApoyoVial/status/976999297408552960,,,,,,,,,18:49,,,,,,,,,,,,,
"Servicios de emergencia atienden a ciclista atropellado por una pipa de gas, sobre Concepción Beistegui esq. Av. Cuauhtémoc Col. Narvarte.",Incidente vial,2018-03-23,"5700",,Concepción Beistegui,Av. Cuauhtémoc,ciclista,https://twitter.com/MrElDiablo8/status/977220580264087552,,,moderada,hombre,"25",,,Atendido ambulancia,9:28,,,,,,,,,,,,,
"Persona atropellada sobre la avenida Ejército Nacional, entre Lago Bangueolo y Lago Tanganica.  ¡Cede al paso a servicios de emergencia! 
",Incidente vial,2018-03-23,"5701",,Lago Bangueolo,Lago Tanganica,peaton,https://twitter.com/RedVialRC/status/977295050689400832,,,,,,,,,14:24,,,,,,,,,,,,,
"Persona atropellada sobre Paseo de la Reforma al cruce con el Eje 1 Norte en dirección a la Basílica De Guadalupe. ¡Cede el paso a los vehículos de emergencia! 
",Incidente vial,2018-03-23,"5702",,Paseo de la Reforma,Eje 1 Norte,peaton,https://twitter.com/RedVialRC/status/977328544308117504,,,,,,,,,16:37,,,,,,,,,,,,,
Mueren dos personas una lesionada que viajaban en una motocicleta atropellados por un Autos conductor y policías son golpeados en Las Armas y 23 de Abril Col. Ampl. San Pedro Xalpa. AZP CDMX,Incidente vial,2018-03-25,"5705",,Las Armas,23 de Abril,peaton,https://twitter.com/ElPolloCDMX/status/978097543589527552,,,grave,,,https://twitter.com/MrElDiablo8/status/978080252298776577,,,18:24,,,,,,,,,,,,,
Persona atropellada en Paseo de la Reforma a la altura del auditorio nacional en dirección al Circuito Interior ¡Cede el paso a los servicios de emergencia!,Incidente vial,2018-03-27,"5709",,Paseo de la Reforma,Auditorio Nacional,peaton,https://twitter.com/RedVialRC/status/978662096350208000,,,,,,https://twitter.com/ApoyoVial/status/978663064923987968,,,8:56,,,,,,,,,,,,,
Servicios de emergencia atienden a una persona atropellada en la col. Lindavista.,Incidente vial,2018-03-27,"5710",,Lindavista,Coquimbo,peaton,https://twitter.com/MrElDiablo8/status/978770125984710656,,,,,,,,,16:05,,,,,,,,,,,,,
"Amigos lamento informarles que una mujer perdió la vida al ser atropellada sobre la Calz. Ignacio Zaragoza y Calle 77 en la Col. Puebla. SSP_CDMX de encuentra en el punto. 
QEPD",Incidente vial,2018-03-29,"5713",,Calzada Ignacio Zaragoza,Calle 77,peaton,https://twitter.com/MrElDiablo8/status/979341283956314112,,,mortal,mujer,"30",https://twitter.com/ricardovitela/status/979389732865167362,,,5:55,,,,,,,,,,,,,
"¡Cede el paso a los vehículos de emergencia!
Una persona fue atropellada sobre Periférico a la altura de Río Hondo y en dirección a Ermita Iztapalapa.",Incidente vial,2018-03-29,"5714",,Periférico,Río Hondo,peaton,https://twitter.com/RedVialRC/status/979385245551259653,,,,,,,,,8:50,,,,,,,,,,,,,
"Servicios Periciales retiran el cuerpo de una persona atropellada en una gasolinera en Av. Miguel Hidalgo, col. San Miguel Ajusco. SSP continua en la zona. 
",Incidente vial,2018-03-29,"5715",,Av. Miguel Hidalgo,Gasolinera Picacho Ajusco,peaton,https://twitter.com/GaboOrtega73/status/979426296483713024,https://mvsnoticias.com/#!/noticias/hombre-muere-al-ser-atropellado-en-gasolinera-de-picacho-ajusco-728,particular,mortal,hombre,"45",https://twitter.com/MrElDiablo8/status/979427609699287042,,,11:33,,Topaz,,,,,,,,,,,
Persona Atropellada sobre el Eje 10 al cruce con San Jerónimo en dirección al Anillo Periférico. ¡Cede el paso a los servicios de emergencia!,Incidente vial,2018-03-29,"5716",,Eje 10 Sur,San Jerónimo,peaton,https://twitter.com/RedVialRC/status/979443045522386946,,,,,,,,,12:39,,,,,,,,,,,,,
"PRECAUCIÓN: Paseo de la Reforma y Mahatma Gandhi, atendemos persona atropellada.",Incidente vial,2018-03-29,"5717",,Reforma,Mahatma Gandhi,ciclista,https://twitter.com/SUUMA_CDMX/status/979783166151004161,,,moderada,hombre,"25",https://twitter.com/_atropellado/status/979790622906372096,,Atendido ambulancia,11:11,,,,,,,,,,,,,
A ver si me puede abreviar una médica por favor Me urge tenemos una persona por atropellada urge.,Incidente vial,2018-03-31,"5718",,Ojo de Agua,Av. México,peaton,https://twitter.com/JrnrvRivera/status/980200672787419138,,,grave,mujer,"65",,,,14:50,,,,,,,,,,,,,
"Persona atropellada sobre Circunvalación al cruce con Adolfo Gurrión, Col. Centro. ¡Cede el paso!",Incidente vial,2018-03-31,"5721",,Adolfo Gurrión,Circunvalación,peaton,https://twitter.com/RedVialRC/status/980129866749239296,,,,,,,,,10:09,,,,,,,,,,,,,
"Amigos lamento informarles que la persona atropellada perdió la vida, cuando caminaba por los carriles centrales de Periférico, el conductor de un BMW lo embistió. 
Autoridades investigan la causa por la que la víctima se encontraba sobre la vía rá",Incidente vial,2018-03-31,"5722",,Periférico Sur,Carriles centrales TV azteca,peaton,https://twitter.com/MrElDiablo8/status/980303310468145152,,,mortal,,,,,,21:38,,,,,,,,,,,,,
